$__,isNew,errors,$locals,$op,_doc,$init
"{""strictMode"":true,""selected"":{},""getters"":{},""wasPopulated"":false,""activePaths"":{""paths"":{""username"":""init"",""discordId"":""init"",""createdAt"":""init"",""address"":""init"",""modifiedAt"":""init""},""states"":{""ignore"":{},""default"":{},""init"":{""discordId"":true,""username"":true,""address"":true,""createdAt"":true,""modifiedAt"":true},""modify"":{},""require"":{}},""stateNames"":[""require"",""modify"",""init"",""default"",""ignore""]},""pathsToScopes"":{},""cachedRequired"":{},""session"":null,""$setCalled"":{},""emitter"":{""_events"":{},""_eventsCount"":0,""_maxListeners"":0},""$options"":{""skipId"":true,""isNew"":false,""willInit"":true,""defaults"":true}}",,,{},,"{""createdAt"":1644416954915,""_id"":""6203d47051cd90f778795483"",""discordId"":""318552163649454081"",""username"":""hz#8826"",""address"":""0xCaBFC0285B3d24dF713D8e8E9139628cCA0F2b2d"",""modifiedAt"":1645657439732}",1
"{""strictMode"":true,""selected"":{},""getters"":{},""wasPopulated"":false,""activePaths"":{""paths"":{""username"":""init"",""discordId"":""init"",""createdAt"":""init"",""address"":""init"",""modifiedAt"":""init"",""github"":""init"",""discourse"":""init""},""states"":{""ignore"":{},""default"":{},""init"":{""discordId"":true,""username"":true,""address"":true,""createdAt"":true,""modifiedAt"":true,""github"":true,""discourse"":true},""modify"":{},""require"":{}},""stateNames"":[""require"",""modify"",""init"",""default"",""ignore""]},""pathsToScopes"":{},""cachedRequired"":{},""session"":null,""$setCalled"":{},""emitter"":{""_events"":{},""_eventsCount"":0,""_maxListeners"":0},""$options"":{""skipId"":true,""isNew"":false,""willInit"":true,""defaults"":true}}",,,{},,"{""createdAt"":1644416954915,""_id"":""62177f2429cb70d41e11ca44"",""discordId"":""388384931102982154"",""username"":""kristofer#1475"",""address"":""0xa32aECda752cF4EF89956e83d60C04835d4FA867"",""modifiedAt"":1655065839911,""github"":""kristoferlund"",""discourse"":""kristoferlund""}",1
"{""strictMode"":true,""selected"":{},""getters"":{},""wasPopulated"":false,""activePaths"":{""paths"":{""username"":""init"",""discordId"":""init"",""createdAt"":""init"",""address"":""init"",""modifiedAt"":""init"",""github"":""init"",""discourse"":""init""},""states"":{""ignore"":{},""default"":{},""init"":{""discordId"":true,""username"":true,""address"":true,""createdAt"":true,""modifiedAt"":true,""github"":true,""discourse"":true},""modify"":{},""require"":{}},""stateNames"":[""require"",""modify"",""init"",""default"",""ignore""]},""pathsToScopes"":{},""cachedRequired"":{},""session"":null,""$setCalled"":{},""emitter"":{""_events"":{},""_eventsCount"":0,""_maxListeners"":0},""$options"":{""skipId"":true,""isNew"":false,""willInit"":true,""defaults"":true}}",,,{},,"{""createdAt"":1655146690333,""_id"":""62a89a7f1d19e68bc02f6b6f"",""discordId"":""884439603401089054"",""username"":""mattyjee#8621"",""address"":""0x182312C44a219fD492F3aE177D11120a3CcD2EF3"",""modifiedAt"":1655217016044,""github"":""mattyg"",""discourse"":""mattyjee""}",1
"{""strictMode"":true,""selected"":{},""getters"":{},""wasPopulated"":false,""activePaths"":{""paths"":{""username"":""init"",""discordId"":""init"",""createdAt"":""init"",""address"":""init"",""modifiedAt"":""init"",""discourse"":""init"",""github"":""init""},""states"":{""ignore"":{},""default"":{},""init"":{""discordId"":true,""username"":true,""address"":true,""createdAt"":true,""modifiedAt"":true,""discourse"":true,""github"":true},""modify"":{},""require"":{}},""stateNames"":[""require"",""modify"",""init"",""default"",""ignore""]},""pathsToScopes"":{},""cachedRequired"":{},""session"":null,""$setCalled"":{},""emitter"":{""_events"":{},""_eventsCount"":0,""_maxListeners"":0},""$options"":{""skipId"":true,""isNew"":false,""willInit"":true,""defaults"":true}}",,,{},,"{""createdAt"":1655223494967,""_id"":""62a8b6e41d19e68bc09d854c"",""discordId"":""769621045489172480"",""username"":""EFRA#7972"",""address"":""0x438cDDcc8E6f0E0E18CE33F6b5a8fFCFAb5A999c"",""modifiedAt"":1655224298066,""discourse"":""Efra"",""github"":""efraeb""}",1
"{""strictMode"":true,""selected"":{},""getters"":{},""wasPopulated"":false,""activePaths"":{""paths"":{""username"":""init"",""discordId"":""init"",""createdAt"":""init"",""address"":""init"",""modifiedAt"":""init"",""discourse"":""init"",""github"":""init""},""states"":{""ignore"":{},""default"":{},""init"":{""discordId"":true,""username"":true,""address"":true,""createdAt"":true,""modifiedAt"":true,""discourse"":true,""github"":true},""modify"":{},""require"":{}},""stateNames"":[""require"",""modify"",""init"",""default"",""ignore""]},""pathsToScopes"":{},""cachedRequired"":{},""session"":null,""$setCalled"":{},""emitter"":{""_events"":{},""_eventsCount"":0,""_maxListeners"":0},""$options"":{""skipId"":true,""isNew"":false,""willInit"":true,""defaults"":true}}",,,{},,"{""createdAt"":1655226584787,""_id"":""62a8c4941d19e68bc0d01890"",""discordId"":""587095069115285524"",""username"":""acidlazzer#5796"",""address"":""0x8aA27E90E139d5AB5704df69429341cbCb2d2464"",""modifiedAt"":1656018511654,""discourse"":""acidlazzer"",""github"":""acidlazzer""}",1
"{""strictMode"":true,""selected"":{},""getters"":{},""wasPopulated"":false,""activePaths"":{""paths"":{""username"":""init"",""discordId"":""init"",""createdAt"":""init"",""address"":""init"",""modifiedAt"":""init"",""discourse"":""init"",""github"":""init""},""states"":{""ignore"":{},""default"":{},""init"":{""discordId"":true,""username"":true,""address"":true,""createdAt"":true,""modifiedAt"":true,""discourse"":true,""github"":true},""modify"":{},""require"":{}},""stateNames"":[""require"",""modify"",""init"",""default"",""ignore""]},""pathsToScopes"":{},""cachedRequired"":{},""session"":null,""$setCalled"":{},""emitter"":{""_events"":{},""_eventsCount"":0,""_maxListeners"":0},""$options"":{""skipId"":true,""isNew"":false,""willInit"":true,""defaults"":true}}",,,{},,"{""createdAt"":1655318726621,""_id"":""62ab50765f2661c46bd08603"",""discordId"":""288019500132073472"",""username"":""divine_comedian#5493"",""address"":""0x320c338BCF70bAAaE26e96201C33B48105Bc62C2"",""modifiedAt"":1655397034049,""discourse"":""divine_comedian"",""github"":""divine-comedian""}",1
"{""strictMode"":true,""selected"":{},""getters"":{},""wasPopulated"":false,""activePaths"":{""paths"":{""username"":""init"",""discordId"":""init"",""createdAt"":""init"",""address"":""init"",""modifiedAt"":""init"",""discourse"":""init"",""github"":""init""},""states"":{""ignore"":{},""default"":{},""init"":{""discordId"":true,""username"":true,""address"":true,""createdAt"":true,""modifiedAt"":true,""discourse"":true,""github"":true},""modify"":{},""require"":{}},""stateNames"":[""require"",""modify"",""init"",""default"",""ignore""]},""pathsToScopes"":{},""cachedRequired"":{},""session"":null,""$setCalled"":{},""emitter"":{""_events"":{},""_eventsCount"":0,""_maxListeners"":0},""$options"":{""skipId"":true,""isNew"":false,""willInit"":true,""defaults"":true}}",,,{},,"{""createdAt"":1655398793010,""_id"":""62ab621c5f2661c46b1571a2"",""discordId"":""727934296387616848"",""username"":""chuygarcia.eth#6692"",""address"":""0xB22981bA3FE1De2325935c91a3B717168fB86714"",""modifiedAt"":1655399321871,""discourse"":""chuygarcia92"",""github"":""chuygarcia92""}",1
"{""strictMode"":true,""selected"":{},""getters"":{},""wasPopulated"":false,""activePaths"":{""paths"":{""username"":""init"",""discordId"":""init"",""createdAt"":""init"",""address"":""init"",""modifiedAt"":""init"",""github"":""init"",""discourse"":""init""},""states"":{""ignore"":{},""default"":{},""init"":{""discordId"":true,""username"":true,""address"":true,""createdAt"":true,""modifiedAt"":true,""github"":true,""discourse"":true},""modify"":{},""require"":{}},""stateNames"":[""require"",""modify"",""init"",""default"",""ignore""]},""pathsToScopes"":{},""cachedRequired"":{},""session"":null,""$setCalled"":{},""emitter"":{""_events"":{},""_eventsCount"":0,""_maxListeners"":0},""$options"":{""skipId"":true,""isNew"":false,""willInit"":true,""defaults"":true}}",,,{},,"{""createdAt"":1655398793010,""_id"":""62ab62595f2661c46b167517"",""discordId"":""751417874886688798"",""username"":""Tam2140#9361"",""address"":""0xcf79C7EaEC5BDC1A9e32D099C5D6BdF67E4cF6e8"",""modifiedAt"":1655927041680,""github"":""tamarandom"",""discourse"":""Tamara""}",1
"{""strictMode"":true,""selected"":{},""getters"":{},""wasPopulated"":false,""activePaths"":{""paths"":{""username"":""init"",""discordId"":""init"",""createdAt"":""init"",""address"":""init"",""modifiedAt"":""init"",""discourse"":""init"",""github"":""init""},""states"":{""ignore"":{},""default"":{},""init"":{""discordId"":true,""username"":true,""address"":true,""createdAt"":true,""modifiedAt"":true,""discourse"":true,""github"":true},""modify"":{},""require"":{}},""stateNames"":[""require"",""modify"",""init"",""default"",""ignore""]},""pathsToScopes"":{},""cachedRequired"":{},""session"":null,""$setCalled"":{},""emitter"":{""_events"":{},""_eventsCount"":0,""_maxListeners"":0},""$options"":{""skipId"":true,""isNew"":false,""willInit"":true,""defaults"":true}}",,,{},,"{""createdAt"":1655398793010,""_id"":""62ab62675f2661c46b16b802"",""discordId"":""183879548394274816"",""username"":""Zeptimus#3359"",""address"":""0xaa79B87DC8B046A5E4f7D03F1562D7fe5BF98737"",""modifiedAt"":1655819461674,""discourse"":""ZeptimusQ"",""github"":""Zeptimus""}",1
"{""strictMode"":true,""selected"":{},""getters"":{},""wasPopulated"":false,""activePaths"":{""paths"":{""username"":""init"",""discordId"":""init"",""createdAt"":""init"",""address"":""init"",""modifiedAt"":""init"",""discourse"":""init"",""github"":""init""},""states"":{""ignore"":{},""default"":{},""init"":{""discordId"":true,""username"":true,""address"":true,""createdAt"":true,""modifiedAt"":true,""discourse"":true,""github"":true},""modify"":{},""require"":{}},""stateNames"":[""require"",""modify"",""init"",""default"",""ignore""]},""pathsToScopes"":{},""cachedRequired"":{},""session"":null,""$setCalled"":{},""emitter"":{""_events"":{},""_eventsCount"":0,""_maxListeners"":0},""$options"":{""skipId"":true,""isNew"":false,""willInit"":true,""defaults"":true}}",,,{},,"{""createdAt"":1655398793010,""_id"":""62ab63b25f2661c46b1b8ae7"",""discordId"":""249005209710362624"",""username"":""durgadas#9280"",""address"":""0xfF6d6a7718A234A84f740480Dbb07f6c09cF1cD5"",""modifiedAt"":1655399673844,""discourse"":""durgadas"",""github"":""durgadasji""}",1
"{""strictMode"":true,""selected"":{},""getters"":{},""wasPopulated"":false,""activePaths"":{""paths"":{""username"":""init"",""discordId"":""init"",""createdAt"":""init"",""address"":""init"",""modifiedAt"":""init"",""discourse"":""init""},""states"":{""ignore"":{},""default"":{},""init"":{""discordId"":true,""username"":true,""address"":true,""createdAt"":true,""modifiedAt"":true,""discourse"":true},""modify"":{},""require"":{}},""stateNames"":[""require"",""modify"",""init"",""default"",""ignore""]},""pathsToScopes"":{},""cachedRequired"":{},""session"":null,""$setCalled"":{},""emitter"":{""_events"":{},""_eventsCount"":0,""_maxListeners"":0},""$options"":{""skipId"":true,""isNew"":false,""willInit"":true,""defaults"":true}}",,,{},,"{""createdAt"":1655405240372,""_id"":""62ab7d7f5f2661c46b783bea"",""discordId"":""343470788491476992"",""username"":""GideonRo#3175"",""address"":""0xB08F0ca73E8A59a1b7970e22B8ed2F9142c3fA53"",""modifiedAt"":1655406079444,""discourse"":""gideonro""}",1
"{""strictMode"":true,""selected"":{},""getters"":{},""wasPopulated"":false,""activePaths"":{""paths"":{""username"":""init"",""discordId"":""init"",""createdAt"":""init"",""address"":""init"",""modifiedAt"":""init"",""discourse"":""init""},""states"":{""ignore"":{},""default"":{},""init"":{""discordId"":true,""username"":true,""address"":true,""createdAt"":true,""modifiedAt"":true,""discourse"":true},""modify"":{},""require"":{}},""stateNames"":[""require"",""modify"",""init"",""default"",""ignore""]},""pathsToScopes"":{},""cachedRequired"":{},""session"":null,""$setCalled"":{},""emitter"":{""_events"":{},""_eventsCount"":0,""_maxListeners"":0},""$options"":{""skipId"":true,""isNew"":false,""willInit"":true,""defaults"":true}}",,,{},,"{""createdAt"":1655405240372,""_id"":""62ab7ee45f2661c46b7d988e"",""discordId"":""452115639381786624"",""username"":""enti#1546"",""address"":""0x6897aBe0fD62B589260784B21F4ca3F78A0D8017"",""modifiedAt"":1655406412645,""discourse"":""enti""}",1
"{""strictMode"":true,""selected"":{},""getters"":{},""wasPopulated"":false,""activePaths"":{""paths"":{""username"":""init"",""discordId"":""init"",""createdAt"":""init"",""address"":""init"",""modifiedAt"":""init""},""states"":{""ignore"":{},""default"":{},""init"":{""discordId"":true,""username"":true,""address"":true,""createdAt"":true,""modifiedAt"":true},""modify"":{},""require"":{}},""stateNames"":[""require"",""modify"",""init"",""default"",""ignore""]},""pathsToScopes"":{},""cachedRequired"":{},""session"":null,""$setCalled"":{},""emitter"":{""_events"":{},""_eventsCount"":0,""_maxListeners"":0},""$options"":{""skipId"":true,""isNew"":false,""willInit"":true,""defaults"":true}}",,,{},,"{""createdAt"":1655405240372,""_id"":""62ab8fa05f2661c46bbcf7b8"",""discordId"":""843863654293176410"",""username"":""christianDike#6344"",""address"":""0xa11Ddb173BBE677dA658B2Ac964114b7391Aa2a5"",""modifiedAt"":1655410592919}",1
"{""strictMode"":true,""selected"":{},""getters"":{},""wasPopulated"":false,""activePaths"":{""paths"":{""username"":""init"",""discordId"":""init"",""createdAt"":""init"",""address"":""init"",""modifiedAt"":""init"",""discourse"":""init""},""states"":{""ignore"":{},""default"":{},""init"":{""discordId"":true,""username"":true,""address"":true,""createdAt"":true,""modifiedAt"":true,""discourse"":true},""modify"":{},""require"":{}},""stateNames"":[""require"",""modify"",""init"",""default"",""ignore""]},""pathsToScopes"":{},""cachedRequired"":{},""session"":null,""$setCalled"":{},""emitter"":{""_events"":{},""_eventsCount"":0,""_maxListeners"":0},""$options"":{""skipId"":true,""isNew"":false,""willInit"":true,""defaults"":true}}",,,{},,"{""createdAt"":1655405240372,""_id"":""62ab97475f2661c46bdab241"",""discordId"":""766413634607775774"",""username"":""Rohekbenitez#8753"",""address"":""0x6C965b656C450259a6D4d95A2E68Fb4319EecBc0"",""modifiedAt"":1655905465259,""discourse"":""Rohekbenitez""}",1
"{""strictMode"":true,""selected"":{},""getters"":{},""wasPopulated"":false,""activePaths"":{""paths"":{""username"":""init"",""discordId"":""init"",""createdAt"":""init"",""address"":""init"",""modifiedAt"":""init""},""states"":{""ignore"":{},""default"":{},""init"":{""discordId"":true,""username"":true,""address"":true,""createdAt"":true,""modifiedAt"":true},""modify"":{},""require"":{}},""stateNames"":[""require"",""modify"",""init"",""default"",""ignore""]},""pathsToScopes"":{},""cachedRequired"":{},""session"":null,""$setCalled"":{},""emitter"":{""_events"":{},""_eventsCount"":0,""_maxListeners"":0},""$options"":{""skipId"":true,""isNew"":false,""willInit"":true,""defaults"":true}}",,,{},,"{""createdAt"":1655405240372,""_id"":""62abee485f2661c46b190ac9"",""discordId"":""530682470232883210"",""username"":""innov8tor3#3988"",""address"":""0xBCAD90F4a1ED4067d9bC33D4089FF18A82250253"",""modifiedAt"":1656664774152}",1
"{""strictMode"":true,""selected"":{},""getters"":{},""wasPopulated"":false,""activePaths"":{""paths"":{""username"":""init"",""discordId"":""init"",""createdAt"":""init"",""address"":""init"",""modifiedAt"":""init"",""discourse"":""init"",""github"":""init""},""states"":{""ignore"":{},""default"":{},""init"":{""discordId"":true,""username"":true,""address"":true,""createdAt"":true,""modifiedAt"":true,""discourse"":true,""github"":true},""modify"":{},""require"":{}},""stateNames"":[""require"",""modify"",""init"",""default"",""ignore""]},""pathsToScopes"":{},""cachedRequired"":{},""session"":null,""$setCalled"":{},""emitter"":{""_events"":{},""_eventsCount"":0,""_maxListeners"":0},""$options"":{""skipId"":true,""isNew"":false,""willInit"":true,""defaults"":true}}",,,{},,"{""createdAt"":1655405240372,""_id"":""62abf7a35f2661c46b39ebc7"",""discordId"":""908799381229154314"",""username"":""boonjue.eth#7124"",""address"":""0xEf0391ccbebf15fc84334D9630255093754cDAAB"",""modifiedAt"":1655438475513,""discourse"":""boonjue.eth"",""github"":""Boonjue""}",1
"{""strictMode"":true,""selected"":{},""getters"":{},""wasPopulated"":false,""activePaths"":{""paths"":{""username"":""init"",""discordId"":""init"",""createdAt"":""init"",""address"":""init"",""modifiedAt"":""init"",""discourse"":""init""},""states"":{""ignore"":{},""default"":{},""init"":{""discordId"":true,""username"":true,""address"":true,""createdAt"":true,""modifiedAt"":true,""discourse"":true},""modify"":{},""require"":{}},""stateNames"":[""require"",""modify"",""init"",""default"",""ignore""]},""pathsToScopes"":{},""cachedRequired"":{},""session"":null,""$setCalled"":{},""emitter"":{""_events"":{},""_eventsCount"":0,""_maxListeners"":0},""$options"":{""skipId"":true,""isNew"":false,""willInit"":true,""defaults"":true}}",,,{},,"{""createdAt"":1655405240372,""_id"":""62acaa0914619ca5330fffa6"",""discordId"":""805467270762856490"",""username"":""bends#3537"",""address"":""0x1E975f53956d644868F3eA25690b1bbEda658565"",""modifiedAt"":1655483319740,""discourse"":""bends""}",1
"{""strictMode"":true,""selected"":{},""getters"":{},""wasPopulated"":false,""activePaths"":{""paths"":{""username"":""init"",""discordId"":""init"",""createdAt"":""init"",""address"":""init"",""modifiedAt"":""init"",""discourse"":""init"",""github"":""init""},""states"":{""ignore"":{},""default"":{},""init"":{""discordId"":true,""username"":true,""address"":true,""createdAt"":true,""modifiedAt"":true,""discourse"":true,""github"":true},""modify"":{},""require"":{}},""stateNames"":[""require"",""modify"",""init"",""default"",""ignore""]},""pathsToScopes"":{},""cachedRequired"":{},""session"":null,""$setCalled"":{},""emitter"":{""_events"":{},""_eventsCount"":0,""_maxListeners"":0},""$options"":{""skipId"":true,""isNew"":false,""willInit"":true,""defaults"":true}}",,,{},,"{""createdAt"":1655493819518,""_id"":""62ad174514619ca5338b96c8"",""discordId"":""250086586450968576"",""username"":""mZ#3472"",""address"":""0xDF290293C4A4d6eBe38Fd7085d7721041f927E0a"",""modifiedAt"":1655511055862,""discourse"":""mzargham"",""github"":""mzargham""}",1
"{""strictMode"":true,""selected"":{},""getters"":{},""wasPopulated"":false,""activePaths"":{""paths"":{""username"":""init"",""discordId"":""init"",""createdAt"":""init"",""address"":""init"",""modifiedAt"":""init"",""discourse"":""init"",""github"":""init""},""states"":{""ignore"":{},""default"":{},""init"":{""discordId"":true,""username"":true,""address"":true,""createdAt"":true,""modifiedAt"":true,""discourse"":true,""github"":true},""modify"":{},""require"":{}},""stateNames"":[""require"",""modify"",""init"",""default"",""ignore""]},""pathsToScopes"":{},""cachedRequired"":{},""session"":null,""$setCalled"":{},""emitter"":{""_events"":{},""_eventsCount"":0,""_maxListeners"":0},""$options"":{""skipId"":true,""isNew"":false,""willInit"":true,""defaults"":true}}",,,{},,"{""createdAt"":1655493819518,""_id"":""62b04b4759f2836364e473a1"",""discordId"":""480023322080444427"",""username"":""liviade#1387"",""address"":""0xF8D1d34956cEa24718cf8687588D6FeDbc6d9AA6"",""modifiedAt"":1655901427051,""discourse"":""liviade"",""github"":""liviade1""}",1
"{""strictMode"":true,""selected"":{},""getters"":{},""wasPopulated"":false,""activePaths"":{""paths"":{""username"":""init"",""discordId"":""init"",""createdAt"":""init"",""address"":""init"",""modifiedAt"":""init"",""discourse"":""init"",""github"":""init""},""states"":{""ignore"":{},""default"":{},""init"":{""discordId"":true,""username"":true,""address"":true,""createdAt"":true,""modifiedAt"":true,""discourse"":true,""github"":true},""modify"":{},""require"":{}},""stateNames"":[""require"",""modify"",""init"",""default"",""ignore""]},""pathsToScopes"":{},""cachedRequired"":{},""session"":null,""$setCalled"":{},""emitter"":{""_events"":{},""_eventsCount"":0,""_maxListeners"":0},""$options"":{""skipId"":true,""isNew"":false,""willInit"":true,""defaults"":true}}",,,{},,"{""createdAt"":1655834307779,""_id"":""62b22bdf59f2836364218c00"",""discordId"":""714915268329078894"",""username"":""Nuggan#5183"",""address"":""0x0Bf920dfE6D36829aB5b0e153857D4CA689E46fB"",""modifiedAt"":1655844052632,""discourse"":""0xNuggan"",""github"":""0xNuggan""}",1
"{""strictMode"":true,""selected"":{},""getters"":{},""wasPopulated"":false,""activePaths"":{""paths"":{""username"":""init"",""discordId"":""init"",""createdAt"":""init"",""address"":""init"",""modifiedAt"":""init"",""discourse"":""init"",""github"":""init""},""states"":{""ignore"":{},""default"":{},""init"":{""discordId"":true,""username"":true,""address"":true,""createdAt"":true,""modifiedAt"":true,""discourse"":true,""github"":true},""modify"":{},""require"":{}},""stateNames"":[""require"",""modify"",""init"",""default"",""ignore""]},""pathsToScopes"":{},""cachedRequired"":{},""session"":null,""$setCalled"":{},""emitter"":{""_events"":{},""_eventsCount"":0,""_maxListeners"":0},""$options"":{""skipId"":true,""isNew"":false,""willInit"":true,""defaults"":true}}",,,{},,"{""createdAt"":1655844126186,""_id"":""62b2329259f28363643b8320"",""discordId"":""492394339532800020"",""username"":""karmaticacid#1218"",""address"":""0xC46c67Bb7E84490D7EbdD0b8ecDaca68Cf3823F4"",""modifiedAt"":1655845758354,""discourse"":""laurenluz"",""github"":""laurenluz""}",1
"{""strictMode"":true,""selected"":{},""getters"":{},""wasPopulated"":false,""activePaths"":{""paths"":{""username"":""init"",""discordId"":""init"",""createdAt"":""init"",""address"":""init"",""modifiedAt"":""init"",""discourse"":""init"",""github"":""init""},""states"":{""ignore"":{},""default"":{},""init"":{""discordId"":true,""username"":true,""address"":true,""createdAt"":true,""modifiedAt"":true,""discourse"":true,""github"":true},""modify"":{},""require"":{}},""stateNames"":[""require"",""modify"",""init"",""default"",""ignore""]},""pathsToScopes"":{},""cachedRequired"":{},""session"":null,""$setCalled"":{},""emitter"":{""_events"":{},""_eventsCount"":0,""_maxListeners"":0},""$options"":{""skipId"":true,""isNew"":false,""willInit"":true,""defaults"":true}}",,,{},,"{""createdAt"":1655844126186,""_id"":""62b308a159f2836364a24614"",""discordId"":""165910079416041473"",""username"":""PhilH#1102"",""address"":""0xAa01DeC5307CF17F20881A3286dcaA062578cea7"",""modifiedAt"":1658571068968,""discourse"":""philh"",""github"":""PhilH""}",1
"{""strictMode"":true,""selected"":{},""getters"":{},""wasPopulated"":false,""activePaths"":{""paths"":{""username"":""init"",""discordId"":""init"",""createdAt"":""init"",""address"":""init"",""modifiedAt"":""init"",""discourse"":""init"",""github"":""init""},""states"":{""ignore"":{},""default"":{},""init"":{""discordId"":true,""username"":true,""address"":true,""createdAt"":true,""modifiedAt"":true,""discourse"":true,""github"":true},""modify"":{},""require"":{}},""stateNames"":[""require"",""modify"",""init"",""default"",""ignore""]},""pathsToScopes"":{},""cachedRequired"":{},""session"":null,""$setCalled"":{},""emitter"":{""_events"":{},""_eventsCount"":0,""_maxListeners"":0},""$options"":{""skipId"":true,""isNew"":false,""willInit"":true,""defaults"":true}}",,,{},,"{""createdAt"":1655844126186,""_id"":""62b3149259f2836364d04a1e"",""discordId"":""433877864849473557"",""username"":""KZ Flyer#0926"",""address"":""0x343EF442adD9bd565D51b606f444F9221AD0Aeb6"",""modifiedAt"":1655904746317,""discourse"":""KZFlyer"",""github"":""KZFlyer""}",1
"{""strictMode"":true,""selected"":{},""getters"":{},""wasPopulated"":false,""activePaths"":{""paths"":{""username"":""init"",""discordId"":""init"",""createdAt"":""init"",""address"":""init"",""modifiedAt"":""init"",""discourse"":""init"",""github"":""init""},""states"":{""ignore"":{},""default"":{},""init"":{""discordId"":true,""username"":true,""address"":true,""createdAt"":true,""modifiedAt"":true,""discourse"":true,""github"":true},""modify"":{},""require"":{}},""stateNames"":[""require"",""modify"",""init"",""default"",""ignore""]},""pathsToScopes"":{},""cachedRequired"":{},""session"":null,""$setCalled"":{},""emitter"":{""_events"":{},""_eventsCount"":0,""_maxListeners"":0},""$options"":{""skipId"":true,""isNew"":false,""willInit"":true,""defaults"":true}}",,,{},,"{""createdAt"":1655844126186,""_id"":""62b31d4a59f2836364f10a6e"",""discordId"":""440281764204642314"",""username"":""Santiago#0325"",""address"":""0x224aBa5D489675a7bD3CE07786FAda466b46FA0F"",""modifiedAt"":1655905951970,""discourse"":""santteegt"",""github"":""santteegt""}",1
"{""strictMode"":true,""selected"":{},""getters"":{},""wasPopulated"":false,""activePaths"":{""paths"":{""username"":""init"",""discordId"":""init"",""createdAt"":""init"",""address"":""init"",""modifiedAt"":""init"",""github"":""init"",""discourse"":""init""},""states"":{""ignore"":{},""default"":{},""init"":{""discordId"":true,""username"":true,""address"":true,""createdAt"":true,""modifiedAt"":true,""github"":true,""discourse"":true},""modify"":{},""require"":{}},""stateNames"":[""require"",""modify"",""init"",""default"",""ignore""]},""pathsToScopes"":{},""cachedRequired"":{},""session"":null,""$setCalled"":{},""emitter"":{""_events"":{},""_eventsCount"":0,""_maxListeners"":0},""$options"":{""skipId"":true,""isNew"":false,""willInit"":true,""defaults"":true}}",,,{},,"{""createdAt"":1655844126186,""_id"":""62b32af959f28363642476e5"",""discordId"":""704131286448734289"",""username"":""taxil#8577"",""address"":""0xd26E23aAA39F29e07b299DA734C77765F6866A0E"",""modifiedAt"":1655909462398,""github"":""taxxil"",""discourse"":""taxil""}",1
"{""strictMode"":true,""selected"":{},""getters"":{},""wasPopulated"":false,""activePaths"":{""paths"":{""username"":""init"",""discordId"":""init"",""createdAt"":""init"",""address"":""init"",""modifiedAt"":""init"",""discourse"":""init""},""states"":{""ignore"":{},""default"":{},""init"":{""discordId"":true,""username"":true,""address"":true,""createdAt"":true,""modifiedAt"":true,""discourse"":true},""modify"":{},""require"":{}},""stateNames"":[""require"",""modify"",""init"",""default"",""ignore""]},""pathsToScopes"":{},""cachedRequired"":{},""session"":null,""$setCalled"":{},""emitter"":{""_events"":{},""_eventsCount"":0,""_maxListeners"":0},""$options"":{""skipId"":true,""isNew"":false,""willInit"":true,""defaults"":true}}",,,{},,"{""createdAt"":1655917900363,""_id"":""62b34d7959f2836364a68706"",""discordId"":""144927134492786688"",""username"":""Maxwe11#7157"",""address"":""0x3F20a6fE04b3A4b37bBBBea826ae23be56Baed74"",""modifiedAt"":1655918127351,""discourse"":""Maxwe11""}",1
"{""strictMode"":true,""selected"":{},""getters"":{},""wasPopulated"":false,""activePaths"":{""paths"":{""username"":""init"",""discordId"":""init"",""createdAt"":""init"",""address"":""init"",""modifiedAt"":""init""},""states"":{""ignore"":{},""default"":{},""init"":{""discordId"":true,""username"":true,""address"":true,""createdAt"":true,""modifiedAt"":true},""modify"":{},""require"":{}},""stateNames"":[""require"",""modify"",""init"",""default"",""ignore""]},""pathsToScopes"":{},""cachedRequired"":{},""session"":null,""$setCalled"":{},""emitter"":{""_events"":{},""_eventsCount"":0,""_maxListeners"":0},""$options"":{""skipId"":true,""isNew"":false,""willInit"":true,""defaults"":true}}",,,{},,"{""createdAt"":1655921475784,""_id"":""62b3642859f2836364fad0c0"",""discordId"":""640772328380170271"",""username"":""Usuaâ—Ž Silver#2618"",""address"":""0x914C0E63F98a091e74b7c5e78993bB8de735aE74"",""modifiedAt"":1655923752335}",1
"{""strictMode"":true,""selected"":{},""getters"":{},""wasPopulated"":false,""activePaths"":{""paths"":{""username"":""init"",""discordId"":""init"",""createdAt"":""init"",""address"":""init"",""modifiedAt"":""init"",""discourse"":""init"",""github"":""init""},""states"":{""ignore"":{},""default"":{},""init"":{""discordId"":true,""username"":true,""address"":true,""createdAt"":true,""modifiedAt"":true,""discourse"":true,""github"":true},""modify"":{},""require"":{}},""stateNames"":[""require"",""modify"",""init"",""default"",""ignore""]},""pathsToScopes"":{},""cachedRequired"":{},""session"":null,""$setCalled"":{},""emitter"":{""_events"":{},""_eventsCount"":0,""_maxListeners"":0},""$options"":{""skipId"":true,""isNew"":false,""willInit"":true,""defaults"":true}}",,,{},,"{""createdAt"":1655921475784,""_id"":""62b38e2f59f28363649a7378"",""discordId"":""902543185367142400"",""username"":""pat.zip (TE Academy)#5266"",""address"":""0x9F6b969Ee3F9C2b0a528b3029049e34BBD4bdB49"",""modifiedAt"":1655934882993,""discourse"":""pat.zip"",""github"":""PatriciaTEA""}",1
"{""strictMode"":true,""selected"":{},""getters"":{},""wasPopulated"":false,""activePaths"":{""paths"":{""username"":""init"",""discordId"":""init"",""createdAt"":""init"",""address"":""init"",""modifiedAt"":""init"",""discourse"":""init"",""github"":""init""},""states"":{""ignore"":{},""default"":{},""init"":{""discordId"":true,""username"":true,""address"":true,""createdAt"":true,""modifiedAt"":true,""discourse"":true,""github"":true},""modify"":{},""require"":{}},""stateNames"":[""require"",""modify"",""init"",""default"",""ignore""]},""pathsToScopes"":{},""cachedRequired"":{},""session"":null,""$setCalled"":{},""emitter"":{""_events"":{},""_eventsCount"":0,""_maxListeners"":0},""$options"":{""skipId"":true,""isNew"":false,""willInit"":true,""defaults"":true}}",,,{},,"{""createdAt"":1655921475784,""_id"":""62b3cae259f28363647ce168"",""discordId"":""659828514924658688"",""username"":""ygg_anderson#4998"",""address"":""0x763d7D362B59aeA3858a92a302e18cd41b1252d4"",""modifiedAt"":1655950252828,""discourse"":""ygg_anderson"",""github"":""LinuxIsCool""}",1
"{""strictMode"":true,""selected"":{},""getters"":{},""wasPopulated"":false,""activePaths"":{""paths"":{""username"":""init"",""discordId"":""init"",""createdAt"":""init"",""address"":""init"",""modifiedAt"":""init"",""discourse"":""init"",""github"":""init""},""states"":{""ignore"":{},""default"":{},""init"":{""discordId"":true,""username"":true,""address"":true,""createdAt"":true,""modifiedAt"":true,""discourse"":true,""github"":true},""modify"":{},""require"":{}},""stateNames"":[""require"",""modify"",""init"",""default"",""ignore""]},""pathsToScopes"":{},""cachedRequired"":{},""session"":null,""$setCalled"":{},""emitter"":{""_events"":{},""_eventsCount"":0,""_maxListeners"":0},""$options"":{""skipId"":true,""isNew"":false,""willInit"":true,""defaults"":true}}",,,{},,"{""createdAt"":1655921475784,""_id"":""62b40f9159f2836364937994"",""discordId"":""336423896599232512"",""username"":""r33pich33p#6906"",""address"":""0x4318cC449b1cbE6d64dd82E16abE58C79E076C2B"",""modifiedAt"":1655967894047,""discourse"":""gene"",""github"":""csggene3""}",1
"{""strictMode"":true,""selected"":{},""getters"":{},""wasPopulated"":false,""activePaths"":{""paths"":{""username"":""init"",""discordId"":""init"",""createdAt"":""init"",""address"":""init"",""modifiedAt"":""init"",""discourse"":""init""},""states"":{""ignore"":{},""default"":{},""init"":{""discordId"":true,""username"":true,""address"":true,""createdAt"":true,""modifiedAt"":true,""discourse"":true},""modify"":{},""require"":{}},""stateNames"":[""require"",""modify"",""init"",""default"",""ignore""]},""pathsToScopes"":{},""cachedRequired"":{},""session"":null,""$setCalled"":{},""emitter"":{""_events"":{},""_eventsCount"":0,""_maxListeners"":0},""$options"":{""skipId"":true,""isNew"":false,""willInit"":true,""defaults"":true}}",,,{},,"{""createdAt"":1655921475784,""_id"":""62b4162b59f2836364adc81e"",""discordId"":""765317807952494634"",""username"":""heater#9765"",""address"":""0x57F540a736a647EF2d2Ef9Cd823C4a4e655858a4"",""modifiedAt"":1655969392450,""discourse"":""Heater""}",1
"{""strictMode"":true,""selected"":{},""getters"":{},""wasPopulated"":false,""activePaths"":{""paths"":{""username"":""init"",""discordId"":""init"",""createdAt"":""init"",""address"":""init"",""modifiedAt"":""init"",""discourse"":""init"",""github"":""init""},""states"":{""ignore"":{},""default"":{},""init"":{""discordId"":true,""username"":true,""address"":true,""createdAt"":true,""modifiedAt"":true,""discourse"":true,""github"":true},""modify"":{},""require"":{}},""stateNames"":[""require"",""modify"",""init"",""default"",""ignore""]},""pathsToScopes"":{},""cachedRequired"":{},""session"":null,""$setCalled"":{},""emitter"":{""_events"":{},""_eventsCount"":0,""_maxListeners"":0},""$options"":{""skipId"":true,""isNew"":false,""willInit"":true,""defaults"":true}}",,,{},,"{""createdAt"":1655921475784,""_id"":""62b459bd59f2836364b7aa6b"",""discordId"":""762291726768799774"",""username"":""freshelle#9882"",""address"":""0x38f80f8f76B1C44B2beeFB63bb561F570fb6ddB6"",""modifiedAt"":1655986825697,""discourse"":""freshelle"",""github"":""freshelle""}",1
"{""strictMode"":true,""selected"":{},""getters"":{},""wasPopulated"":false,""activePaths"":{""paths"":{""username"":""init"",""discordId"":""init"",""createdAt"":""init"",""address"":""init"",""modifiedAt"":""init""},""states"":{""ignore"":{},""default"":{},""init"":{""discordId"":true,""username"":true,""address"":true,""createdAt"":true,""modifiedAt"":true},""modify"":{},""require"":{}},""stateNames"":[""require"",""modify"",""init"",""default"",""ignore""]},""pathsToScopes"":{},""cachedRequired"":{},""session"":null,""$setCalled"":{},""emitter"":{""_events"":{},""_eventsCount"":0,""_maxListeners"":0},""$options"":{""skipId"":true,""isNew"":false,""willInit"":true,""defaults"":true}}",,,{},,"{""createdAt"":1655921475784,""_id"":""62b4730c59f28363641d4f77"",""discordId"":""396868632455413772"",""username"":""sanath.eth#6240"",""address"":""0x50fd325ff884eB1a0c4bcFeaf0B7f19930AaFDe3"",""modifiedAt"":1655993100126}",1
"{""strictMode"":true,""selected"":{},""getters"":{},""wasPopulated"":false,""activePaths"":{""paths"":{""username"":""init"",""discordId"":""init"",""createdAt"":""init"",""address"":""init"",""modifiedAt"":""init""},""states"":{""ignore"":{},""default"":{},""init"":{""discordId"":true,""username"":true,""address"":true,""createdAt"":true,""modifiedAt"":true},""modify"":{},""require"":{}},""stateNames"":[""require"",""modify"",""init"",""default"",""ignore""]},""pathsToScopes"":{},""cachedRequired"":{},""session"":null,""$setCalled"":{},""emitter"":{""_events"":{},""_eventsCount"":0,""_maxListeners"":0},""$options"":{""skipId"":true,""isNew"":false,""willInit"":true,""defaults"":true}}",,,{},,"{""createdAt"":1655921475784,""_id"":""62b4817359f283636458faf1"",""discordId"":""869940637594714183"",""username"":""BiancaGadelha#2667"",""address"":""0x1375847014BA64517210cBFE185808232Cf45d4a"",""modifiedAt"":1655996787940}",1
"{""strictMode"":true,""selected"":{},""getters"":{},""wasPopulated"":false,""activePaths"":{""paths"":{""username"":""init"",""discordId"":""init"",""createdAt"":""init"",""address"":""init"",""modifiedAt"":""init"",""github"":""init""},""states"":{""ignore"":{},""default"":{},""init"":{""discordId"":true,""username"":true,""address"":true,""createdAt"":true,""modifiedAt"":true,""github"":true},""modify"":{},""require"":{}},""stateNames"":[""require"",""modify"",""init"",""default"",""ignore""]},""pathsToScopes"":{},""cachedRequired"":{},""session"":null,""$setCalled"":{},""emitter"":{""_events"":{},""_eventsCount"":0,""_maxListeners"":0},""$options"":{""skipId"":true,""isNew"":false,""willInit"":true,""defaults"":true}}",,,{},,"{""createdAt"":1656009509648,""_id"":""62b4b78d59f2836364565215"",""discordId"":""489914064919855114"",""username"":""zcstarr#7166"",""address"":""0xe89C2545e4e05A79D21351CdEeDa4651ca48DeBc"",""modifiedAt"":1656010818682,""github"":""zcstarr""}",1
"{""strictMode"":true,""selected"":{},""getters"":{},""wasPopulated"":false,""activePaths"":{""paths"":{""username"":""init"",""discordId"":""init"",""createdAt"":""init"",""address"":""init"",""modifiedAt"":""init""},""states"":{""ignore"":{},""default"":{},""init"":{""discordId"":true,""username"":true,""address"":true,""createdAt"":true,""modifiedAt"":true},""modify"":{},""require"":{}},""stateNames"":[""require"",""modify"",""init"",""default"",""ignore""]},""pathsToScopes"":{},""cachedRequired"":{},""session"":null,""$setCalled"":{},""emitter"":{""_events"":{},""_eventsCount"":0,""_maxListeners"":0},""$options"":{""skipId"":true,""isNew"":false,""willInit"":true,""defaults"":true}}",,,{},,"{""createdAt"":1656009509648,""_id"":""62b4d1c759f2836364d4b965"",""discordId"":""593885652693549067"",""username"":""Santana22#4210"",""address"":""0x0e950e75B652878E6A3D3Ecb6E5797452A918A05"",""modifiedAt"":1656017351887}",1
"{""strictMode"":true,""selected"":{},""getters"":{},""wasPopulated"":false,""activePaths"":{""paths"":{""username"":""init"",""discordId"":""init"",""createdAt"":""init"",""address"":""init"",""modifiedAt"":""init"",""discourse"":""init"",""github"":""init""},""states"":{""ignore"":{},""default"":{},""init"":{""discordId"":true,""username"":true,""address"":true,""createdAt"":true,""modifiedAt"":true,""discourse"":true,""github"":true},""modify"":{},""require"":{}},""stateNames"":[""require"",""modify"",""init"",""default"",""ignore""]},""pathsToScopes"":{},""cachedRequired"":{},""session"":null,""$setCalled"":{},""emitter"":{""_events"":{},""_eventsCount"":0,""_maxListeners"":0},""$options"":{""skipId"":true,""isNew"":false,""willInit"":true,""defaults"":true}}",,,{},,"{""createdAt"":1656009509648,""_id"":""62b4d3f559f2836364df0fa2"",""discordId"":""667979309457080340"",""username"":""nic#9212"",""address"":""0x88B353202e61fffeF56bbfbc2748839e7C707e9F"",""modifiedAt"":1656018594672,""discourse"":""nic"",""github"":""saunic""}",1
"{""strictMode"":true,""selected"":{},""getters"":{},""wasPopulated"":false,""activePaths"":{""paths"":{""username"":""init"",""discordId"":""init"",""createdAt"":""init"",""address"":""init"",""modifiedAt"":""init"",""discourse"":""init"",""github"":""init""},""states"":{""ignore"":{},""default"":{},""init"":{""discordId"":true,""username"":true,""address"":true,""createdAt"":true,""modifiedAt"":true,""discourse"":true,""github"":true},""modify"":{},""require"":{}},""stateNames"":[""require"",""modify"",""init"",""default"",""ignore""]},""pathsToScopes"":{},""cachedRequired"":{},""session"":null,""$setCalled"":{},""emitter"":{""_events"":{},""_eventsCount"":0,""_maxListeners"":0},""$options"":{""skipId"":true,""isNew"":false,""willInit"":true,""defaults"":true}}",,,{},,"{""createdAt"":1656009509648,""_id"":""62b5a16259f28363649c8dbe"",""discordId"":""573648007384530954"",""username"":""eduardovegap#0422"",""address"":""0x1d921dff757610FbDB0073479e12c0a07d382677"",""modifiedAt"":1656070760207,""discourse"":""vegayp"",""github"":""eduardovegap""}",1
"{""strictMode"":true,""selected"":{},""getters"":{},""wasPopulated"":false,""activePaths"":{""paths"":{""username"":""init"",""discordId"":""init"",""createdAt"":""init"",""address"":""init"",""modifiedAt"":""init""},""states"":{""ignore"":{},""default"":{},""init"":{""discordId"":true,""username"":true,""address"":true,""createdAt"":true,""modifiedAt"":true},""modify"":{},""require"":{}},""stateNames"":[""require"",""modify"",""init"",""default"",""ignore""]},""pathsToScopes"":{},""cachedRequired"":{},""session"":null,""$setCalled"":{},""emitter"":{""_events"":{},""_eventsCount"":0,""_maxListeners"":0},""$options"":{""skipId"":true,""isNew"":false,""willInit"":true,""defaults"":true}}",,,{},,"{""createdAt"":1656433193795,""_id"":""62bb398a59f2836364941040"",""discordId"":""427964041764274177"",""username"":""s_ben#7872"",""address"":""0x4B7C0Da1C299Ce824f55A0190Efb13663442FA2c"",""modifiedAt"":1656437130069}",1
"{""strictMode"":true,""selected"":{},""getters"":{},""wasPopulated"":false,""activePaths"":{""paths"":{""username"":""init"",""discordId"":""init"",""createdAt"":""init"",""address"":""init"",""modifiedAt"":""init""},""states"":{""ignore"":{},""default"":{},""init"":{""discordId"":true,""username"":true,""address"":true,""createdAt"":true,""modifiedAt"":true},""modify"":{},""require"":{}},""stateNames"":[""require"",""modify"",""init"",""default"",""ignore""]},""pathsToScopes"":{},""cachedRequired"":{},""session"":null,""$setCalled"":{},""emitter"":{""_events"":{},""_eventsCount"":0,""_maxListeners"":0},""$options"":{""skipId"":true,""isNew"":false,""willInit"":true,""defaults"":true}}",,,{},,"{""createdAt"":1656524949217,""_id"":""62bc920559f2836364099541"",""discordId"":""772107197240311848"",""username"":""anna-marie#8824"",""address"":""0x8041748a2A16e9B7A3980107f4376774421642c8"",""modifiedAt"":1656525317073}",1
"{""strictMode"":true,""selected"":{},""getters"":{},""wasPopulated"":false,""activePaths"":{""paths"":{""username"":""init"",""discordId"":""init"",""createdAt"":""init"",""address"":""init"",""modifiedAt"":""init""},""states"":{""ignore"":{},""default"":{},""init"":{""discordId"":true,""username"":true,""address"":true,""createdAt"":true,""modifiedAt"":true},""modify"":{},""require"":{}},""stateNames"":[""require"",""modify"",""init"",""default"",""ignore""]},""pathsToScopes"":{},""cachedRequired"":{},""session"":null,""$setCalled"":{},""emitter"":{""_events"":{},""_eventsCount"":0,""_maxListeners"":0},""$options"":{""skipId"":true,""isNew"":false,""willInit"":true,""defaults"":true}}",,,{},,"{""createdAt"":1656524949217,""_id"":""62bcbf7559f2836364d0786e"",""discordId"":""807036672302383115"",""username"":""r-x-x#8344"",""address"":""0x1409a9ef3450D5d50aAd004f417436e772FbF8fC"",""modifiedAt"":1656536949135}",1
"{""strictMode"":true,""selected"":{},""getters"":{},""wasPopulated"":false,""activePaths"":{""paths"":{""username"":""init"",""discordId"":""init"",""createdAt"":""init"",""address"":""init"",""modifiedAt"":""init"",""discourse"":""init"",""github"":""init""},""states"":{""ignore"":{},""default"":{},""init"":{""discordId"":true,""username"":true,""address"":true,""createdAt"":true,""modifiedAt"":true,""discourse"":true,""github"":true},""modify"":{},""require"":{}},""stateNames"":[""require"",""modify"",""init"",""default"",""ignore""]},""pathsToScopes"":{},""cachedRequired"":{},""session"":null,""$setCalled"":{},""emitter"":{""_events"":{},""_eventsCount"":0,""_maxListeners"":0},""$options"":{""skipId"":true,""isNew"":false,""willInit"":true,""defaults"":true}}",,,{},,"{""createdAt"":1656524949217,""_id"":""62bcc1a959f2836364da5cd9"",""discordId"":""836393532348170261"",""username"":""Maxxx#5351"",""address"":""0x2D9319dE02b8a02d40ED7ABB5D69c6bd7A7f9cb2"",""modifiedAt"":1656538644265,""discourse"":""max"",""github"":""Maxxx8""}",1
"{""strictMode"":true,""selected"":{},""getters"":{},""wasPopulated"":false,""activePaths"":{""paths"":{""username"":""init"",""discordId"":""init"",""createdAt"":""init"",""address"":""init"",""modifiedAt"":""init""},""states"":{""ignore"":{},""default"":{},""init"":{""discordId"":true,""username"":true,""address"":true,""createdAt"":true,""modifiedAt"":true},""modify"":{},""require"":{}},""stateNames"":[""require"",""modify"",""init"",""default"",""ignore""]},""pathsToScopes"":{},""cachedRequired"":{},""session"":null,""$setCalled"":{},""emitter"":{""_events"":{},""_eventsCount"":0,""_maxListeners"":0},""$options"":{""skipId"":true,""isNew"":false,""willInit"":true,""defaults"":true}}",,,{},,"{""createdAt"":1656524949217,""_id"":""62bd37a259f2836364de10a5"",""discordId"":""852863761320509471"",""username"":""makkiyzy#9575"",""address"":""0xab0369495b3e4252AA1845fe0AD86a1dB9B0e650"",""modifiedAt"":1656567714029}",1
"{""strictMode"":true,""selected"":{},""getters"":{},""wasPopulated"":false,""activePaths"":{""paths"":{""username"":""init"",""discordId"":""init"",""createdAt"":""init"",""address"":""init"",""modifiedAt"":""init"",""discourse"":""init""},""states"":{""ignore"":{},""default"":{},""init"":{""discordId"":true,""username"":true,""address"":true,""createdAt"":true,""modifiedAt"":true,""discourse"":true},""modify"":{},""require"":{}},""stateNames"":[""require"",""modify"",""init"",""default"",""ignore""]},""pathsToScopes"":{},""cachedRequired"":{},""session"":null,""$setCalled"":{},""emitter"":{""_events"":{},""_eventsCount"":0,""_maxListeners"":0},""$options"":{""skipId"":true,""isNew"":false,""willInit"":true,""defaults"":true}}",,,{},,"{""createdAt"":1656524949217,""_id"":""62bd47c859f28363643039f2"",""discordId"":""842640544101433354"",""username"":""lee0007#8152"",""address"":""0x3E31155a1c17c9F85e74828447aec412090a4622"",""modifiedAt"":1656572003690,""discourse"":""lee0007""}",1
"{""strictMode"":true,""selected"":{},""getters"":{},""wasPopulated"":false,""activePaths"":{""paths"":{""username"":""init"",""discordId"":""init"",""createdAt"":""init"",""address"":""init"",""modifiedAt"":""init"",""discourse"":""init"",""github"":""init""},""states"":{""ignore"":{},""default"":{},""init"":{""discordId"":true,""username"":true,""address"":true,""createdAt"":true,""modifiedAt"":true,""discourse"":true,""github"":true},""modify"":{},""require"":{}},""stateNames"":[""require"",""modify"",""init"",""default"",""ignore""]},""pathsToScopes"":{},""cachedRequired"":{},""session"":null,""$setCalled"":{},""emitter"":{""_events"":{},""_eventsCount"":0,""_maxListeners"":0},""$options"":{""skipId"":true,""isNew"":false,""willInit"":true,""defaults"":true}}",,,{},,"{""createdAt"":1656524949217,""_id"":""62bd541e59f28363646abcb8"",""discordId"":""786574925951008788"",""username"":""Suga#8514"",""address"":""0x2fEe53687906bA239602eD42CCEee2aC8A4ADa36"",""modifiedAt"":1656584830610,""discourse"":""Suga"",""github"":""danelsuga""}",1
"{""strictMode"":true,""selected"":{},""getters"":{},""wasPopulated"":false,""activePaths"":{""paths"":{""username"":""init"",""discordId"":""init"",""createdAt"":""init"",""address"":""init"",""modifiedAt"":""init"",""discourse"":""init"",""github"":""init""},""states"":{""ignore"":{},""default"":{},""init"":{""discordId"":true,""username"":true,""address"":true,""createdAt"":true,""modifiedAt"":true,""discourse"":true,""github"":true},""modify"":{},""require"":{}},""stateNames"":[""require"",""modify"",""init"",""default"",""ignore""]},""pathsToScopes"":{},""cachedRequired"":{},""session"":null,""$setCalled"":{},""emitter"":{""_events"":{},""_eventsCount"":0,""_maxListeners"":0},""$options"":{""skipId"":true,""isNew"":false,""willInit"":true,""defaults"":true}}",,,{},,"{""createdAt"":1656703453981,""_id"":""62bf6f6a59f2836364b6269c"",""discordId"":""451536367609053197"",""username"":""ParkChuYong#5628"",""address"":""0x90D17752E16bDfadC7c37A75a354B2Db59A4331D"",""modifiedAt"":1656715108104,""discourse"":""ParkChuYong"",""github"":""cryptojr""}",1
"{""strictMode"":true,""selected"":{},""getters"":{},""wasPopulated"":false,""activePaths"":{""paths"":{""username"":""init"",""discordId"":""init"",""createdAt"":""init"",""address"":""init"",""modifiedAt"":""init""},""states"":{""ignore"":{},""default"":{},""init"":{""discordId"":true,""username"":true,""address"":true,""createdAt"":true,""modifiedAt"":true},""modify"":{},""require"":{}},""stateNames"":[""require"",""modify"",""init"",""default"",""ignore""]},""pathsToScopes"":{},""cachedRequired"":{},""session"":null,""$setCalled"":{},""emitter"":{""_events"":{},""_eventsCount"":0,""_maxListeners"":0},""$options"":{""skipId"":true,""isNew"":false,""willInit"":true,""defaults"":true}}",,,{},,"{""createdAt"":1657121479846,""_id"":""62c68d1d59f28363640a24eb"",""discordId"":""692168538181599232"",""username"":""mateodaza#3156"",""address"":""0x00d18ca9782bE1CaEF611017c2Fbc1a39779A57C"",""modifiedAt"":1657179421327}",1
"{""strictMode"":true,""selected"":{},""getters"":{},""wasPopulated"":false,""activePaths"":{""paths"":{""username"":""init"",""discordId"":""init"",""createdAt"":""init"",""address"":""init"",""modifiedAt"":""init"",""discourse"":""init"",""github"":""init""},""states"":{""ignore"":{},""default"":{},""init"":{""discordId"":true,""username"":true,""address"":true,""createdAt"":true,""modifiedAt"":true,""discourse"":true,""github"":true},""modify"":{},""require"":{}},""stateNames"":[""require"",""modify"",""init"",""default"",""ignore""]},""pathsToScopes"":{},""cachedRequired"":{},""session"":null,""$setCalled"":{},""emitter"":{""_events"":{},""_eventsCount"":0,""_maxListeners"":0},""$options"":{""skipId"":true,""isNew"":false,""willInit"":true,""defaults"":true}}",,,{},,"{""createdAt"":1657217793697,""_id"":""62c849ea59f28363645b49df"",""discordId"":""379260345228722176"",""username"":""Mettodo#7010"",""address"":""0x7710E7e881333Fd3396Ca5966BeD6E72746b612D"",""modifiedAt"":1657293738578,""discourse"":""mettodo"",""github"":""Mettodo""}",1
"{""strictMode"":true,""selected"":{},""getters"":{},""wasPopulated"":false,""activePaths"":{""paths"":{""username"":""init"",""discordId"":""init"",""createdAt"":""init"",""address"":""init"",""modifiedAt"":""init"",""discourse"":""init"",""github"":""init""},""states"":{""ignore"":{},""default"":{},""init"":{""discordId"":true,""username"":true,""address"":true,""createdAt"":true,""modifiedAt"":true,""discourse"":true,""github"":true},""modify"":{},""require"":{}},""stateNames"":[""require"",""modify"",""init"",""default"",""ignore""]},""pathsToScopes"":{},""cachedRequired"":{},""session"":null,""$setCalled"":{},""emitter"":{""_events"":{},""_eventsCount"":0,""_maxListeners"":0},""$options"":{""skipId"":true,""isNew"":false,""willInit"":true,""defaults"":true}}",,,{},,"{""createdAt"":1657298706144,""_id"":""62c9faf559f2836364207b79"",""discordId"":""836058804759691265"",""username"":""bear100#9085"",""address"":""0x47a5BA5BE900fC22AD31BEC4c1ff54Df8e67cd70"",""modifiedAt"":1657404904153,""discourse"":""bear100"",""github"":""bearhub100""}",1
"{""strictMode"":true,""selected"":{},""getters"":{},""wasPopulated"":false,""activePaths"":{""paths"":{""username"":""init"",""discordId"":""init"",""createdAt"":""init"",""address"":""init"",""modifiedAt"":""init""},""states"":{""ignore"":{},""default"":{},""init"":{""discordId"":true,""username"":true,""address"":true,""createdAt"":true,""modifiedAt"":true},""modify"":{},""require"":{}},""stateNames"":[""require"",""modify"",""init"",""default"",""ignore""]},""pathsToScopes"":{},""cachedRequired"":{},""session"":null,""$setCalled"":{},""emitter"":{""_events"":{},""_eventsCount"":0,""_maxListeners"":0},""$options"":{""skipId"":true,""isNew"":false,""willInit"":true,""defaults"":true}}",,,{},,"{""createdAt"":1657298706144,""_id"":""62cc287e955477d9f83d3a6d"",""discordId"":""216946363584348162"",""username"":""Costa#7828"",""address"":""0x741670C5085Da689944FAA9543E9aB610a00A06d"",""modifiedAt"":1657546878826}",1
"{""strictMode"":true,""selected"":{},""getters"":{},""wasPopulated"":false,""activePaths"":{""paths"":{""username"":""init"",""discordId"":""init"",""createdAt"":""init"",""address"":""init"",""modifiedAt"":""init"",""discourse"":""init"",""github"":""init""},""states"":{""ignore"":{},""default"":{},""init"":{""discordId"":true,""username"":true,""address"":true,""createdAt"":true,""modifiedAt"":true,""discourse"":true,""github"":true},""modify"":{},""require"":{}},""stateNames"":[""require"",""modify"",""init"",""default"",""ignore""]},""pathsToScopes"":{},""cachedRequired"":{},""session"":null,""$setCalled"":{},""emitter"":{""_events"":{},""_eventsCount"":0,""_maxListeners"":0},""$options"":{""skipId"":true,""isNew"":false,""willInit"":true,""defaults"":true}}",,,{},,"{""createdAt"":1657818036199,""_id"":""62d06a71955477d9f8044312"",""discordId"":""655144629481635841"",""username"":""AmwFund#0979"",""address"":""0x536c7E8F18D09d04697E0d2624b44bBA575388c2"",""modifiedAt"":1658515840849,""discourse"":""cranders1"",""github"":""cranders1""}",1
"{""strictMode"":true,""selected"":{},""getters"":{},""wasPopulated"":false,""activePaths"":{""paths"":{""username"":""init"",""discordId"":""init"",""createdAt"":""init"",""address"":""init"",""modifiedAt"":""init"",""discourse"":""init"",""github"":""init""},""states"":{""ignore"":{},""default"":{},""init"":{""discordId"":true,""username"":true,""address"":true,""createdAt"":true,""modifiedAt"":true,""discourse"":true,""github"":true},""modify"":{},""require"":{}},""stateNames"":[""require"",""modify"",""init"",""default"",""ignore""]},""pathsToScopes"":{},""cachedRequired"":{},""session"":null,""$setCalled"":{},""emitter"":{""_events"":{},""_eventsCount"":0,""_maxListeners"":0},""$options"":{""skipId"":true,""isNew"":false,""willInit"":true,""defaults"":true}}",,,{},,"{""createdAt"":1658173387910,""_id"":""62d65c7469b2350fe05e880c"",""discordId"":""910181189896241242"",""username"":""Nebs#2035"",""address"":""0x16E26789b4052815d450043A637b368bfB3ea63A"",""modifiedAt"":1658215831549,""discourse"":""nebs"",""github"":""nebs-dev""}",1
"{""strictMode"":true,""selected"":{},""getters"":{},""wasPopulated"":false,""activePaths"":{""paths"":{""username"":""init"",""discordId"":""init"",""createdAt"":""init"",""address"":""init"",""modifiedAt"":""init""},""states"":{""ignore"":{},""default"":{},""init"":{""discordId"":true,""username"":true,""address"":true,""createdAt"":true,""modifiedAt"":true},""modify"":{},""require"":{}},""stateNames"":[""require"",""modify"",""init"",""default"",""ignore""]},""pathsToScopes"":{},""cachedRequired"":{},""session"":null,""$setCalled"":{},""emitter"":{""_events"":{},""_eventsCount"":0,""_maxListeners"":0},""$options"":{""skipId"":true,""isNew"":false,""willInit"":true,""defaults"":true}}",,,{},,"{""createdAt"":1658514161329,""_id"":""62dc183169b2350fe01afd3d"",""discordId"":""409477390356578324"",""username"":""vezir04#6711"",""address"":""0xc99C01351ad5a9DfcaD6c6D70003f490BcC353CA"",""modifiedAt"":1658591281940}",1
"{""strictMode"":true,""selected"":{},""getters"":{},""wasPopulated"":false,""activePaths"":{""paths"":{""username"":""init"",""discordId"":""init"",""createdAt"":""init"",""address"":""init"",""modifiedAt"":""init""},""states"":{""ignore"":{},""default"":{},""init"":{""discordId"":true,""username"":true,""address"":true,""createdAt"":true,""modifiedAt"":true},""modify"":{},""require"":{}},""stateNames"":[""require"",""modify"",""init"",""default"",""ignore""]},""pathsToScopes"":{},""cachedRequired"":{},""session"":null,""$setCalled"":{},""emitter"":{""_events"":{},""_eventsCount"":0,""_maxListeners"":0},""$options"":{""skipId"":true,""isNew"":false,""willInit"":true,""defaults"":true}}",,,{},,"{""createdAt"":1658770152924,""_id"":""62dedb3669b2350fe0220686"",""discordId"":""886415190571249705"",""username"":""nico186#5010"",""address"":""0x174274DafDf87A5cc758C24A674aC61aFaB12341"",""modifiedAt"":1658772278112}",1
